Workbook

Sheet Cursos
A1: CodigoCurso | B1: NombreCurso | C1: Creditos | D1: TipoCurso | E1: CicloPlan
A2: BEF01 | B2: ETICA Y FILOSOFIA POLITICA | C2: 2 | D2: Obligatorio | E2: 1
A3: BMA01 | B3: CALCULO DIFERENCIAL | C3: 5 | D3: Obligatorio | E3: 1
A4: BQU01 | B4: QUIMICA I | C4: 5 | D4: Obligatorio | E4: 1
A5: BRC01 | B5: REDACCION Y COMUNICACION | C5: 2 | D5: Obligatorio | E5: 1
A6: FB101 | B6: GEOMETRIA ANALITICA | C6: 3 | D6: Obligatorio | E6: 1
A7: GE101 | B7: INTRODUCCION A LA INGENIERIA INDUSTRIAL | C7: 3 | D7: Obligatorio | E7: 1
A8: TE101 | B8: DIBUJO DE INGENIERIA | C8: 2 | D8: Obligatorio | E8: 1
A9: BIC01 | B9: INTRODUCCION A LA COMPUTACION | C9: 2 | D9: Obligatorio | E9: 2
A10: BMA02 | B10: CALCULO INTEGRAL | C10: 5 | D10: Obligatorio | E10: 2
A11: BMA03 | B11: ALGEBRA LINEAL | C11: 4 | D11: Obligatorio | E11: 2
A12: BRN01 | B12: REALIDAD NACIONAL, CONSTITUCION Y DERECHOS HUMANOS | C12: 3 | D12: Obligatorio | E12: 2
A13: FB202 | B13: QUIMICA II | C13: 4 | D13: Obligatorio | E13: 2
... A63: HU400 | B63: PRACTICAS PRE-PROFESIONALES II | C63: 2 | D63: Obligatorio | E63: 10
A64: GE113 | B64: TALLER DE CONSULTORIA DE EMPRESAS | C64: 2 | D64: Electivo
A65: GE114 | B65: TEORIA DE PRECIOS | C65: 3 | D65: Electivo
A66: GE115 | B66: DESARROLLO ECONOMICO | C66: 2 | D66: Electivo
A67: GE116 | B67: GESTION DE PROYECTOS | C67: 3 | D67: Electivo
A68: GE117 | B68: JUEGOS DE NEGOCIO | C68: 2 | D68: Electivo
A69: HU111 | B69: LEGISLACION EMPRESARIAL Y TRIBUTARIA | C69: 2 | D69: Electivo
A70: HU112 | B70: COMPORTAMIENTO ORGANIZACIONAL | C70: 2 | D70: Electivo
A71: HU115 | B71: REALIDAD INTERNACIONAL | C71: 2 | D71: Electivo
A72: SI111 | B72: TEORIA DE DECISIONES | C72: 3 | D72: Electivo
A73: SI112 | B73: ANALITICA DEL NEGOCIO | C73: 3 | D73: Electivo
A74: SI113 | B74: SISTEMAS DE INFORMACION GERENCIAL | C74: 3 | D74: Electivo
A75: SI114 | B75: BASE DE DATOS | C75: 3 | D75: Electivo
... A93: TE127 | B93: ROBOTICA INDUSTRIAL | C93: 3 | D93: Complementario

Sheet Prerequisitos
A1: CodigoCurso | B1: CodigoPrerequisito | C1: NombrePrerequisito
A2: BMA02 | B2: BMA01 | C2: =IFERROR(INDEX(Cursos!$B$2:$B$93,MATCH(B2,Cursos!$A$2:$A$93,0)),"") -> CALCULO DIFERENCIAL
A3: BMA03 | B3: FB101 | C3: =IFERROR(INDEX(Cursos!$B$2:$B$93,MATCH(B3,Cursos!$A$2:$A$93,0)),"") -> GEOMETRIA ANALITICA
A4: BRN01 | B4: BRC01 | C4: =IFERROR(INDEX(Cursos!$B$2:$B$93,MATCH(B4,Cursos!$A$2:$A$93,0)),"") -> REDACCION Y COMUNICACION
A5: FB202 | B5: BQU01 | C5: =IFERROR(INDEX(Cursos!$B$2:$B$93,MATCH(B5,Cursos!$A$2:$A$93,0)),"") -> QUIMICA I
A6: HU102 | B6: BEF01 | C6: =IFERROR(INDEX(Cursos!$B$2:$B$93,MATCH(B6,Cursos!$A$2:$A$93,0)),"") -> ETICA Y FILOSOFIA POLITICA
A7: BFI01 | B7: BMA02 | C7: =IFERROR(INDEX(Cursos!$B$2:$B$93,MATCH(B7,Cursos!$A$2:$A$93,0)),"") -> CALCULO INTEGRAL
A8: FB301 | B8: BIC01 | C8: =IFERROR(INDEX(Cursos!$B$2:$B$93,MATCH(B8,Cursos!$A$2:$A$93,0)),"") -> INTRODUCCION A LA COMPUTACION
A9: FB303 | B9: BMA02 | C9: =IFERROR(INDEX(Cursos!$B$2:$B$93,MATCH(B9,Cursos!$A$2:$A$93,0)),"") -> CALCULO INTEGRAL
A10: FB303 | B10: BMA03 | C10: =IFERROR(INDEX(Cursos!$B$2:$B$93,MATCH(B10,Cursos!$A$2:$A$93,0)),"") -> ALGEBRA LINEAL
A11: HU301 | B11: BEF01 | C11: =IFERROR(INDEX(Cursos!$B$2:$B$93,MATCH(B11,Cursos!$A$2:$A$93,0)),"") -> ETICA Y FILOSOFIA POLITICA
A12: TE302 | B12: TE101 | C12: =IFERROR(INDEX(Cursos!$B$2:$B$93,MATCH(B12,Cursos!$A$2:$A$93,0)),"") -> DIBUJO DE INGENIERIA
A13: TE401 | B13: FB202 | C13: =IFERROR(INDEX(Cursos!$B$2:$B$93,MATCH(B13,Cursos!$A$2:$A$93,0)),"") -> QUIMICA II
... A93: TE127 | B93: TE801 | C93: =IFERROR(INDEX(Cursos!$B$2:$B$93,MATCH(B93,Cursos!$A$2:$A$93,0)),"") -> AUTOMATIZACION Y CONTROL DE PROCESOS

Sheet RequisitosGrado
A1: TipoCurso | B1: CreditosMinimos | C1: Observación
A2: Obligatorio | B2: 187
A3: Electivo | B3: 6
A4: Complementario | B4: 12
A5: OtrasActividades | B5: 5 | C5: Acá entran las prácticas, actividades extracurricualres y el idioma extranjero
A6: TotalCarrera | B6: =SUM(B2:B5) -> 210
